Intensity Level,Direction,Ground Motion ID,floor 1,floor 2,floor 3,floor 4,floor 5,floor 6,floor 7,floor 8,floor 9,floor 10,floor 11,floor 12,floor 13,floor 14,floor 15,floor 16,floor 17,floor 18,floor 19,floor 20,floor 21,floor 22,floor 23,floor 24,floor 25,floor 26,floor 27,floor 28,floor 29,floor 30,floor 31,floor 32,floor 33,floor 34,floor 35,floor 36,floor 37,floor 38,floor 39,floor 40,floor 41,floor 42,floor 43,floor 44,floor 45,floor 46,floor 47
DBEB,X,1,0,0,0,0,0,0,0,0,0,0,0,0,0,0,0,0,0,0,0,0,0,0,0,0,0,0,0,0,0,0,0,0,0,0,0,0,0,0,0,0,0,0,0,0,0,0,0
DBEB,X,2,0,0,0,0,0,0,0,0,0,0,0,0,0,0,0,0,0,0,0,0,0,0,0,0,0,0,0,0,0,0,0,0,0,0,0,0,0,0,0,0,0,0,0,0,0,0,0
DBEB,X,3,0,0,0,0,0,0,0,0,0,0,0,0,0,0,0,0,0,0,0,0,0,0,0,0,0,0,0,0,0,0,0,0,0,0,0,0,0,0,0,0,0,0,0,0,0,0,0
DBEB,X,4,0,0,0,0,0,0,0,0,0,0,0,0,0,0,0,0,0,0,0,0,0,0,0,0,0,0,0,0,0,0,0,0,0,0,0,0,0,0,0,0,0,0,0,0,0,0,0
DBEB,X,5,0,0,0,0,0,0,0,0,0,0,0,0,0,0,0,0,0,0,0,0,0,0,0,0,0,0,0,0,0,0,0,0,0,0,0,0,0,0,0,0,0,0,0,0,0,0,0
DBEB,X,6,0,0,0,0,0,0,0,0,0,0,0,0,0,0,0,0,0,0,0,0,0,0,0,0,0,0,0,0,0,0,0,0,0,0,0,0,0,0,0,0,0,0,0,0,0,0,0
DBEB,X,7,0,0,0,0,0,0,0,0,0,0,0,0,0,0,0,0,0,0,0,0,0,0,0,0,0,0,0,0,0,0,0,0,0,0,0,0,0,0,0,0,0,0,0,0,0,0,0
DBEB,X,8,0,0,0,0,0,0,0,0,0,0,0,0,0,0,0,0,0,0,0,0,0,0,0,0,0,0,0,0,0,0,0,0,0,0,0,0,0,0,0,0,0,0,0,0,0,0,0
DBEB,X,9,0,0,0,0,0,0,0,0,0,0,0,0,0,0,0,0,0,0,0,0,0,0,0,0,0,0,0,0,0,0,0,0,0,0,0,0,0,0,0,0,0,0,0,0,0,0,0
DBEB,X,10,0,0,0,0,0,0,0,0,0,0,0,0,0,0,0,0,0,0,0,0,0,0,0,0,0,0,0,0,0,0,0,0,0,0,0,0,0,0,0,0,0,0,0,0,0,0,0
DBEB,X,11,0,0,0,0,0,0,0,0,0,0,0,0,0,0,0,0,0,0,0,0,0,0,0,0,0,0,0,0,0,0,0,0,0,0,0,0,0,0,0,0,0,0,0,0,0,0,0
DBEB,Y,1,0,0,0,0,0.001416372,0.002008242,0.002353457,0.002567101,0.002706221,0.002828951,0.002923446,0.003001878,0.003079876,0.00317171,0.003302192,0.003495145,0.003886581,0.004128872,0.004271304,0.004344671,0.004367648,0.004352407,0.004307785,0.004242418,0.004167634,0.004067944,0.00396167,0.003843909,0.003714314,0.003573421,0.003424095,0.003270815,0.003117142,0.00297441,0.002942253,0.002872947,0.002781626,0.002674227,0.002540099,0.002362736,0.002140172,0.001868678,0.001546623,0.00116493,0.000696036,0,0
DBEB,Y,2,0,0,0,0,0.001995973,0.002810447,0.003256151,0.003478179,0.003550295,0.003523961,0.003430762,0.003343925,0.003275894,0.003262211,0.003310856,0.003449362,0.003773775,0.003941055,0.003993985,0.003958756,0.003853527,0.003707497,0.003695318,0.003735064,0.003741782,0.003717286,0.003675078,0.003605342,0.003522957,0.003395896,0.003344463,0.00328193,0.003201264,0.003259255,0.003389188,0.00349113,0.003531774,0.003481658,0.003340527,0.003115917,0.002806749,0.002441723,0.001993196,0.001470291,0.000849652,0,0
DBEB,Y,3,0,0,0,0,0.001693899,0.002204308,0.002482497,0.002611741,0.002749816,0.002831139,0.002872599,0.002887955,0.00288821,0.002887566,0.002913077,0.002996354,0.00319489,0.003240904,0.003189335,0.003131239,0.003065567,0.003014707,0.003001727,0.002980092,0.002975599,0.002978582,0.003003221,0.003002765,0.002977754,0.002931226,0.002901322,0.002856862,0.002808,0.002760552,0.002728524,0.002636566,0.002504326,0.002340821,0.002152523,0.001950829,0.001723011,0.00145809,0.001178398,0.000882115,0.000525958,0,0
DBEB,Y,4,0,0,0,0,0.001863322,0.002636599,0.003071717,0.003354989,0.003518055,0.003613279,0.003669698,0.003700297,0.00372087,0.00375595,0.003826898,0.00395666,0.0042977,0.004440017,0.004466837,0.004416274,0.004338705,0.004218666,0.004100284,0.003961514,0.003809221,0.003640475,0.003480598,0.00332211,0.003165335,0.003031264,0.002906129,0.002835949,0.002772456,0.002753498,0.002747478,0.002674452,0.002554054,0.002401201,0.002230619,0.002043134,0.0018471,0.001619777,0.001358386,0.001039438,0.000630813,0,0
DBEB,Y,5,0,0,0,0,0.003501747,0.005017577,0.005950838,0.006257291,0.007288399,0.006914003,0.007044694,0.007005907,0.006868714,0.006369813,0.006205163,0.006221954,0.00657995,0.006903039,0.007089776,0.007246261,0.007186653,0.007180003,0.007013555,0.006931289,0.006814588,0.006475528,0.006231551,0.006271303,0.006279963,0.006338561,0.006173036,0.00601868,0.005821723,0.005245587,0.005289511,0.005274631,0.00445911,0.003950008,0.0033921,0.003262569,0.003268337,0.003225301,0.003062384,0.002789081,0.002542952,0,0
DBEB,Y,6,0,0,0,0,0.002351669,0.003021794,0.003322481,0.003593891,0.003638972,0.003632276,0.003621856,0.003502649,0.003337681,0.003256758,0.003308423,0.003472164,0.003913554,0.004187649,0.004403066,0.004532794,0.004519291,0.004399687,0.004119333,0.003742893,0.003432033,0.003320346,0.003333486,0.003365193,0.003401916,0.003329584,0.003145636,0.003000352,0.00330361,0.00352791,0.003721853,0.004122597,0.004072223,0.004092081,0.004149138,0.003313999,0.003003874,0.002666409,0.002327883,0.002026191,0.001810472,0,0
DBEB,Y,7,0,0,0,0,0.002886632,0.00401026,0.004663421,0.005052478,0.005251848,0.005297265,0.005220388,0.005066364,0.004937658,0.004824724,0.004781792,0.004877564,0.005210104,0.005272457,0.005152734,0.004905575,0.00464118,0.004331004,0.00426541,0.004589449,0.005093107,0.005479706,0.005366443,0.005298206,0.005317876,0.005500954,0.005572718,0.005438585,0.005271171,0.005035546,0.004763638,0.004478546,0.004249932,0.004030012,0.003753348,0.003450872,0.0032231,0.003020381,0.002666817,0.002137114,0.00155632,0,0
DBEB,Y,8,0,0,0,0,0.002093821,0.002966078,0.003443897,0.003702723,0.003832089,0.003917081,0.003993842,0.004029407,0.00399097,0.003928463,0.004035359,0.004216286,0.004589344,0.004728789,0.004728131,0.004625233,0.004680684,0.004790212,0.004832242,0.004798134,0.004697509,0.004529011,0.004312489,0.004112185,0.003919404,0.003879226,0.003837227,0.003770866,0.0037002,0.003645526,0.003624553,0.003512775,0.003347834,0.003131914,0.002891767,0.002686218,0.002495352,0.002283743,0.002018685,0.001622517,0.001072448,0,0
DBEB,Y,9,0,0,0,0,0.001619875,0.00228913,0.002678404,0.00292509,0.003067121,0.003135113,0.003144134,0.003109199,0.003050598,0.002981949,0.002925801,0.003057162,0.00337224,0.003510761,0.003493874,0.003376344,0.003200809,0.002995156,0.002799925,0.002667399,0.002605453,0.002591041,0.002616044,0.002626083,0.002661505,0.00267987,0.002706745,0.002771862,0.002808287,0.002823271,0.002830068,0.002816022,0.002764416,0.002673029,0.002535335,0.002350254,0.002113015,0.001825305,0.001557327,0.001189769,0.000703486,0,0
DBEB,Y,10,0,0,0,0,0.002419289,0.003377785,0.003903611,0.004222129,0.00440207,0.004467807,0.004458307,0.004411295,0.004347867,0.004297988,0.004290876,0.004353096,0.004579338,0.004734422,0.004915347,0.005029304,0.005073094,0.005120544,0.005122145,0.005074644,0.004981742,0.004850631,0.004726556,0.004580031,0.004453015,0.004307759,0.004156582,0.004008633,0.003873321,0.003762773,0.003734417,0.003606776,0.003419321,0.003181702,0.002923806,0.00265852,0.002348757,0.00201752,0.001636857,0.001220397,0.000712057,0,0
DBEB,Y,11,0,0,0,0,0.002634278,0.003779125,0.004516618,0.004993057,0.005237086,0.005287813,0.005168025,0.004914914,0.004586898,0.004281239,0.004105733,0.004155183,0.004519143,0.004731068,0.004776935,0.00466822,0.004441102,0.004158336,0.004054902,0.004030422,0.003945702,0.003814029,0.003625328,0.003452887,0.003319399,0.003334337,0.003303074,0.003399657,0.003504652,0.003565154,0.003668468,0.003695206,0.003620732,0.003765428,0.003839713,0.003783298,0.003588778,0.003327945,0.002888594,0.002326226,0.001679145,0,0
MCEB,X,1,0,0,0,0,0,0,0,0,0,0,0,0,0,0,0,0,0,0,0,0,0,0,0,0,0,0,0,0,0,0,0,0,0,0,0,0,0,0,0,0,0,0,0,0,0,0,0
MCEB,X,2,0,0,0,0,0,0,0,0,0,0,0,0,0,0,0,0,0,0,0,0,0,0,0,0,0,0,0,0,0,0,0,0,0,0,0,0,0,0,0,0,0,0,0,0,0,0,0
MCEB,X,3,0,0,0,0,0,0,0,0,0,0,0,0,0,0,0,0,0,0,0,0,0,0,0,0,0,0,0,0,0,0,0,0,0,0,0,0,0,0,0,0,0,0,0,0,0,0,0
MCEB,X,4,0,0,0,0,0,0,0,0,0,0,0,0,0,0,0,0,0,0,0,0,0,0,0,0,0,0,0,0,0,0,0,0,0,0,0,0,0,0,0,0,0,0,0,0,0,0,0
MCEB,X,5,0,0,0,0,0,0,0,0,0,0,0,0,0,0,0,0,0,0,0,0,0,0,0,0,0,0,0,0,0,0,0,0,0,0,0,0,0,0,0,0,0,0,0,0,0,0,0
MCEB,X,6,0,0,0,0,0,0,0,0,0,0,0,0,0,0,0,0,0,0,0,0,0,0,0,0,0,0,0,0,0,0,0,0,0,0,0,0,0,0,0,0,0,0,0,0,0,0,0
MCEB,X,7,0,0,0,0,0,0,0,0,0,0,0,0,0,0,0,0,0,0,0,0,0,0,0,0,0,0,0,0,0,0,0,0,0,0,0,0,0,0,0,0,0,0,0,0,0,0,0
MCEB,X,8,0,0,0,0,0,0,0,0,0,0,0,0,0,0,0,0,0,0,0,0,0,0,0,0,0,0,0,0,0,0,0,0,0,0,0,0,0,0,0,0,0,0,0,0,0,0,0
MCEB,X,9,0,0,0,0,0,0,0,0,0,0,0,0,0,0,0,0,0,0,0,0,0,0,0,0,0,0,0,0,0,0,0,0,0,0,0,0,0,0,0,0,0,0,0,0,0,0,0
MCEB,X,10,0,0,0,0,0,0,0,0,0,0,0,0,0,0,0,0,0,0,0,0,0,0,0,0,0,0,0,0,0,0,0,0,0,0,0,0,0,0,0,0,0,0,0,0,0,0,0
MCEB,X,11,0,0,0,0,0,0,0,0,0,0,0,0,0,0,0,0,0,0,0,0,0,0,0,0,0,0,0,0,0,0,0,0,0,0,0,0,0,0,0,0,0,0,0,0,0,0,0
MCEB,Y,1,0,0,0,0,0.002068301,0.002714701,0.0030068,0.003138303,0.003213265,0.003264115,0.00330841,0.003329336,0.003459749,0.003628547,0.003841979,0.004136991,0.004710874,0.005064433,0.005275535,0.005381247,0.005409623,0.005376294,0.005300395,0.005195922,0.005081947,0.004947746,0.004811454,0.004704777,0.00456676,0.004391276,0.004263905,0.00421154,0.004197499,0.004218037,0.004277364,0.004222684,0.004090722,0.003909543,0.00368042,0.003381246,0.003034248,0.002610051,0.002136681,0.001587219,0.000930084,0,0
MCEB,Y,2,0,0,0,0,0.003119868,0.004230519,0.004882427,0.005214814,0.005346278,0.00535764,0.005246741,0.005082269,0.004936385,0.004885615,0.005065077,0.005371565,0.005939179,0.006238774,0.006357246,0.006365793,0.006323899,0.006265232,0.006143888,0.006083025,0.005952217,0.005749341,0.005528037,0.005394591,0.005302969,0.005219295,0.005110528,0.0049816,0.004874511,0.00498821,0.005166398,0.005250277,0.005231952,0.005146327,0.004972216,0.004711799,0.004300412,0.003725801,0.003027542,0.002269003,0.001449387,0,0
MCEB,Y,3,0,0,0,0,0.003340021,0.004387058,0.005060302,0.005310686,0.00554004,0.00559622,0.006341331,0.006484728,0.006653939,0.006820567,0.007210218,0.007557587,0.009018089,0.009428291,0.009638229,0.009682376,0.009603352,0.009421804,0.009195954,0.008957726,0.008723706,0.008379419,0.008022044,0.007638182,0.007224693,0.006854759,0.006521323,0.006232238,0.005981695,0.005765152,0.005592066,0.005328085,0.005010701,0.004656655,0.004291836,0.00387812,0.003413508,0.002903673,0.002352137,0.001769735,0.001075025,0,0
MCEB,Y,4,0,0,0,0,0.003037679,0.003992624,0.004514708,0.004849507,0.005126112,0.005290178,0.00542671,0.005523321,0.005610355,0.005705267,0.005850872,0.00608214,0.006551804,0.006768125,0.00682535,0.006772438,0.006637471,0.006464516,0.006250343,0.006014062,0.005753044,0.005518665,0.005232923,0.005001899,0.004792275,0.004582889,0.004372115,0.004253614,0.004142843,0.004018333,0.003939187,0.003803911,0.003623178,0.003384067,0.003130047,0.002850047,0.002533184,0.002208748,0.00184269,0.001407783,0.000867537,0,0
MCEB,Y,5,0,0,0,0,0.006206014,0.008212657,0.009164541,0.009806992,0.010313603,0.010608812,0.010695062,0.010618725,0.01064819,0.010811895,0.0109097,0.01110607,0.01145522,0.011580685,0.01174005,0.01168911,0.01147436,0.011078575,0.01053044,0.010337765,0.0101124,0.009892403,0.009526118,0.008956058,0.008826936,0.008562636,0.008538199,0.008219525,0.00822839,0.007940142,0.008248405,0.007981865,0.007550743,0.007118027,0.006516562,0.005708364,0.005025553,0.004886627,0.004619166,0.004310083,0.00425084,0,0
MCEB,Y,6,0,0,0,0,0.004200767,0.005498625,0.005898208,0.006221323,0.006608966,0.00665761,0.00635988,0.005924555,0.00536536,0.004774063,0.004550467,0.004828852,0.005437827,0.005810015,0.006227996,0.007020339,0.00762371,0.007828147,0.007666118,0.007185785,0.00654398,0.006120413,0.005873769,0.005607061,0.005323688,0.00501753,0.0046987,0.004413664,0.004373469,0.004732785,0.005228932,0.005655024,0.005704483,0.006172696,0.006043769,0.00574297,0.005419862,0.005870413,0.004876903,0.004249816,0.003363338,0,0
MCEB,Y,7,0,0,0,0,0.003928957,0.005702867,0.006506027,0.006756366,0.006784964,0.006887783,0.007078004,0.007257074,0.007376708,0.007463693,0.007565142,0.007722905,0.008251541,0.008377311,0.008073526,0.007915794,0.007437391,0.007153135,0.006970219,0.006859174,0.007137306,0.007165304,0.007150962,0.007542635,0.00819557,0.007996055,0.008388977,0.007983116,0.007856934,0.007366169,0.006799671,0.006376315,0.005967197,0.00545166,0.005032456,0.004675402,0.004580971,0.004310151,0.003839811,0.003209827,0.00261734,0,0
MCEB,Y,8,0,0,0,0,0.003142874,0.00425119,0.004832603,0.005299631,0.005657222,0.005948432,0.006109914,0.00624652,0.006334524,0.006476875,0.006742838,0.007034255,0.007531364,0.007662916,0.007534254,0.0074284,0.007465497,0.007646439,0.007715207,0.007633799,0.007450548,0.007130018,0.006717264,0.006278593,0.005981613,0.005937469,0.005968726,0.00604342,0.006069921,0.00599185,0.005828163,0.005453297,0.005064154,0.004627923,0.004149232,0.003786177,0.003493443,0.003183449,0.002848545,0.002395947,0.001934633,0,0
MCEB,Y,9,0,0,0,0,0.002691176,0.003665998,0.004142135,0.004425038,0.004550652,0.004619527,0.004616348,0.004541845,0.004417315,0.004269002,0.004156626,0.004123844,0.004537097,0.004798589,0.004866219,0.004566825,0.004387303,0.004254674,0.003670253,0.003376478,0.003197011,0.003273531,0.003448843,0.003556531,0.003630295,0.003671855,0.003692536,0.003772102,0.003881908,0.004051146,0.004216032,0.004216153,0.004136939,0.004020723,0.003812683,0.003508869,0.003136185,0.002713997,0.002279779,0.001811532,0.001373952,0,0
MCEB,Y,10,0,0,0,0,0.003490291,0.004751605,0.005539039,0.006051645,0.006526955,0.006698664,0.006758846,0.006763751,0.006727302,0.006702956,0.006724264,0.006837943,0.007165891,0.007262344,0.007174575,0.006955868,0.006653297,0.006475343,0.006513742,0.006581747,0.006610292,0.006538158,0.006396328,0.006208198,0.006058215,0.005960103,0.005833118,0.005656165,0.005438589,0.005204625,0.00499025,0.00466502,0.004331835,0.004027853,0.003724878,0.003382742,0.002990428,0.002579796,0.002116906,0.001595444,0.000955968,0,0
MCEB,Y,11,0,0,0,0,0.004231213,0.006056124,0.007071424,0.007692291,0.007980185,0.007993444,0.007781949,0.00740647,0.006912377,0.006499439,0.006405702,0.006583044,0.007144188,0.007482613,0.007591068,0.007447853,0.007105656,0.006480785,0.006140557,0.006112432,0.006084803,0.005981008,0.005817481,0.005566544,0.005237968,0.005162753,0.005066302,0.004451912,0.004722092,0.004674821,0.005308906,0.005056849,0.004736487,0.004639005,0.004753806,0.004770744,0.004603606,0.004278031,0.003811571,0.003201994,0.002499923,0,0
DBED,X,1,0,0,0,0,0,0,0,0,0,0,0,0,0,0,0,0,0,0,0,0,0,0,0,0,0,0,0,0,0,0,0,0,0,0,0,0,0,0,0,0,0,0,0,0,0,0,0
DBED,X,2,0,0,0,0,0,0,0,0,0,0,0,0,0,0,0,0,0,0,0,0,0,0,0,0,0,0,0,0,0,0,0,0,0,0,0,0,0,0,0,0,0,0,0,0,0,0,0
DBED,X,3,0,0,0,0,0,0,0,0,0,0,0,0,0,0,0,0,0,0,0,0,0,0,0,0,0,0,0,0,0,0,0,0,0,0,0,0,0,0,0,0,0,0,0,0,0,0,0
DBED,X,4,0,0,0,0,0,0,0,0,0,0,0,0,0,0,0,0,0,0,0,0,0,0,0,0,0,0,0,0,0,0,0,0,0,0,0,0,0,0,0,0,0,0,0,0,0,0,0
DBED,X,5,0,0,0,0,0,0,0,0,0,0,0,0,0,0,0,0,0,0,0,0,0,0,0,0,0,0,0,0,0,0,0,0,0,0,0,0,0,0,0,0,0,0,0,0,0,0,0
DBED,X,6,0,0,0,0,0,0,0,0,0,0,0,0,0,0,0,0,0,0,0,0,0,0,0,0,0,0,0,0,0,0,0,0,0,0,0,0,0,0,0,0,0,0,0,0,0,0,0
DBED,X,7,0,0,0,0,0,0,0,0,0,0,0,0,0,0,0,0,0,0,0,0,0,0,0,0,0,0,0,0,0,0,0,0,0,0,0,0,0,0,0,0,0,0,0,0,0,0,0
DBED,X,8,0,0,0,0,0,0,0,0,0,0,0,0,0,0,0,0,0,0,0,0,0,0,0,0,0,0,0,0,0,0,0,0,0,0,0,0,0,0,0,0,0,0,0,0,0,0,0
DBED,X,9,0,0,0,0,0,0,0,0,0,0,0,0,0,0,0,0,0,0,0,0,0,0,0,0,0,0,0,0,0,0,0,0,0,0,0,0,0,0,0,0,0,0,0,0,0,0,0
DBED,X,10,0,0,0,0,0,0,0,0,0,0,0,0,0,0,0,0,0,0,0,0,0,0,0,0,0,0,0,0,0,0,0,0,0,0,0,0,0,0,0,0,0,0,0,0,0,0,0
DBED,X,11,0,0,0,0,0,0,0,0,0,0,0,0,0,0,0,0,0,0,0,0,0,0,0,0,0,0,0,0,0,0,0,0,0,0,0,0,0,0,0,0,0,0,0,0,0,0,0
DBED,Y,1,0,0,0,0,0.008984088,0.012065245,0.01330704,0.01383505,0.01431605,0.01435668,0.01427832,0.014151585,0.013964585,0.013755225,0.013709405,0.01365494,0.013893315,0.01377375,0.013515775,0.01315468,0.0126948,0.01212676,0.01186457,0.01159123,0.01125951,0.011244806,0.011338256,0.01148244,0.011546655,0.01146956,0.01132317,0.01116909,0.01092426,0.0106347,0.01042221,0.010084833,0.009481374,0.008702167,0.007674186,0.006901889,0.006199024,0.005630473,0.005076435,0.0039986,0.003377419,0,0
DBED,Y,2,0,0,0,0,0.005454638,0.007874636,0.008988498,0.009231483,0.009606349,0.00938828,0.009116154,0.008924156,0.008885296,0.008825968,0.008957813,0.009176598,0.009659381,0.009842456,0.009878955,0.009874632,0.01003731,0.009805816,0.009448021,0.009407773,0.009288688,0.008795934,0.008372832,0.007874737,0.007665819,0.00746306,0.007227109,0.007036409,0.00691929,0.006760633,0.006662012,0.006445885,0.006147385,0.005539833,0.005138854,0.004651139,0.004122873,0.003590119,0.002746078,0.002238191,0.001558718,0,0
DBED,Y,3,0,0,0,0,0.007648321,0.009642434,0.01079432,0.011427948,0.01185052,0.01184344,0.01180221,0.011688595,0.01150472,0.011322155,0.011162365,0.011079695,0.01127749,0.01140716,0.01140428,0.01124459,0.010997085,0.010672515,0.010283254,0.010040396,0.009799843,0.009574864,0.009292485,0.008929598,0.00855863,0.008113305,0.007980006,0.007664,0.007322783,0.006958749,0.006581058,0.006180862,0.005831697,0.005410641,0.004941566,0.004437135,0.003982052,0.00353936,0.002994478,0.002411089,0.001662255,0,0
DBED,Y,4,0,0,0,0,0.00503829,0.00687778,0.007716546,0.008224466,0.008466517,0.008461911,0.008286583,0.007989882,0.007640766,0.007384926,0.0072783,0.007341762,0.008275007,0.008618455,0.008748788,0.008699542,0.008796622,0.00879905,0.008734716,0.00856238,0.008298317,0.007981011,0.007628957,0.007202879,0.006917814,0.006700179,0.00642785,0.006357276,0.006369631,0.006437245,0.006643042,0.006674909,0.006596075,0.006514437,0.006353033,0.006017805,0.005507782,0.004879959,0.003934568,0.003061928,0.002182363,0,0
DBED,Y,5,0,0,0,0,0.012219745,0.01448874,0.013771585,0.01312339,0.012092605,0.011583149,0.011370228,0.011162952,0.010863868,0.01055631,0.010218537,0.009996424,0.010269072,0.01048537,0.010468454,0.010278818,0.010162387,0.01007899,0.009936504,0.009847189,0.009681061,0.00939491,0.009211762,0.009269027,0.009195746,0.009052655,0.008882993,0.008728974,0.00853666,0.00830597,0.007932266,0.007694596,0.007484284,0.007131477,0.006567967,0.006167211,0.005655222,0.00496513,0.004317871,0.003808098,0.003340904,0,0
DBED,Y,6,0,0,0,0,0.004911554,0.007382126,0.008416137,0.00879333,0.009317169,0.009532189,0.00977139,0.009708731,0.009903911,0.010076028,0.010276991,0.010541177,0.01138528,0.011674395,0.01186904,0.01191003,0.011816625,0.0114255,0.011213465,0.01092711,0.010606417,0.010286244,0.010000462,0.009727767,0.009390066,0.008778124,0.008259748,0.007737257,0.007371156,0.006992931,0.006649111,0.006216906,0.005714662,0.005172802,0.004525731,0.003997854,0.003473613,0.002903776,0.002356107,0.00183299,0.001263631,0,0
DBED,Y,7,0,0,0,0,0.002539808,0.003278276,0.003721917,0.003802533,0.003910254,0.00394652,0.003965632,0.00395706,0.003988112,0.004166119,0.004414995,0.004678586,0.005311411,0.005654995,0.005871644,0.005941115,0.005996953,0.006167725,0.006257634,0.006305242,0.006330674,0.006291003,0.006205942,0.006153547,0.00605591,0.005924579,0.005815576,0.005780313,0.00574143,0.00572135,0.005728783,0.005620957,0.005433721,0.005170428,0.004835233,0.004429558,0.003950044,0.003390868,0.002750847,0.002067788,0.001284123,0,0
DBED,Y,8,0,0,0,0,0.00569611,0.007557835,0.008425409,0.009124351,0.009960214,0.009947747,0.010090611,0.010129322,0.010051782,0.009996428,0.01023108,0.01045237,0.011183245,0.01145518,0.01148374,0.01116769,0.01113193,0.011027955,0.01078907,0.010407919,0.0101439,0.010140379,0.010173007,0.009998311,0.009755978,0.009457377,0.009193942,0.008942948,0.008683251,0.008411077,0.008143627,0.007741075,0.007215556,0.00645588,0.005825954,0.005222738,0.004619219,0.003988281,0.003340875,0.002657889,0.001960311,0,0
DBED,Y,9,0,0,0,0,0.008798484,0.01142397,0.012618435,0.01331807,0.01375911,0.01383948,0.01368246,0.01331101,0.012815845,0.012348545,0.011924905,0.011690915,0.011713775,0.011654195,0.011432545,0.011083295,0.01091955,0.01071664,0.010454135,0.010022761,0.009199581,0.008970582,0.008920302,0.008687173,0.008430646,0.00825719,0.00845709,0.008427904,0.008326764,0.008261059,0.008619591,0.008861368,0.008920794,0.008232781,0.007576694,0.007125971,0.006524878,0.005930711,0.005245349,0.004564238,0.003261586,0,0
DBED,Y,10,0,0,0,0,0.007534908,0.010094207,0.010938346,0.011332053,0.01194675,0.01239515,0.012732315,0.012931365,0.013088415,0.013266835,0.013475225,0.013777305,0.0142951,0.01438434,0.014145215,0.013667715,0.01303775,0.012340765,0.011735685,0.011509095,0.01124404,0.01087366,0.01048894,0.010148998,0.009742563,0.009385118,0.009064147,0.008656082,0.008175791,0.007730297,0.007694859,0.007631989,0.007599005,0.007483154,0.007208977,0.006777723,0.006195427,0.005508614,0.004578923,0.003814796,0.002708347,0,0
DBED,Y,11,0,0,0,0,0.004977108,0.007117796,0.008263991,0.008930168,0.009306586,0.009426282,0.00921156,0.008766457,0.007792382,0.007443351,0.007500196,0.007794506,0.008706393,0.009233304,0.009492772,0.009470552,0.009080376,0.00866405,0.00803428,0.007772788,0.007733713,0.0075927,0.007416182,0.007187894,0.006873166,0.006456864,0.006169766,0.005454268,0.005414073,0.005253067,0.005599777,0.005400954,0.005443799,0.005347142,0.005099263,0.005108477,0.005021865,0.004738574,0.004420426,0.00398398,0.003451014,0,0
MCED,X,1,0,0,0,0,0,0,0,0,0,0,0,0,0,0,0,0,0,0,0,0,0,0,0,0,0,0,0,0,0,0,0,0,0,0,0,0,0,0,0,0,0,0,0,0,0,0,0
MCED,X,2,0,0,0,0,0,0,0,0,0,0,0,0,0,0,0,0,0,0,0,0,0,0,0,0,0,0,0,0,0,0,0,0,0,0,0,0,0,0,0,0,0,0,0,0,0,0,0
MCED,X,3,0,0,0,0,0,0,0,0,0,0,0,0,0,0,0,0,0,0,0,0,0,0,0,0,0,0,0,0,0,0,0,0,0,0,0,0,0,0,0,0,0,0,0,0,0,0,0
MCED,X,4,0,0,0,0,0,0,0,0,0,0,0,0,0,0,0,0,0,0,0,0,0,0,0,0,0,0,0,0,0,0,0,0,0,0,0,0,0,0,0,0,0,0,0,0,0,0,0
MCED,X,5,0,0,0,0,0,0,0,0,0,0,0,0,0,0,0,0,0,0,0,0,0,0,0,0,0,0,0,0,0,0,0,0,0,0,0,0,0,0,0,0,0,0,0,0,0,0,0
MCED,X,6,0,0,0,0,0,0,0,0,0,0,0,0,0,0,0,0,0,0,0,0,0,0,0,0,0,0,0,0,0,0,0,0,0,0,0,0,0,0,0,0,0,0,0,0,0,0,0
MCED,X,7,0,0,0,0,0,0,0,0,0,0,0,0,0,0,0,0,0,0,0,0,0,0,0,0,0,0,0,0,0,0,0,0,0,0,0,0,0,0,0,0,0,0,0,0,0,0,0
MCED,X,8,0,0,0,0,0,0,0,0,0,0,0,0,0,0,0,0,0,0,0,0,0,0,0,0,0,0,0,0,0,0,0,0,0,0,0,0,0,0,0,0,0,0,0,0,0,0,0
MCED,X,9,0,0,0,0,0,0,0,0,0,0,0,0,0,0,0,0,0,0,0,0,0,0,0,0,0,0,0,0,0,0,0,0,0,0,0,0,0,0,0,0,0,0,0,0,0,0,0
MCED,X,10,0,0,0,0,0,0,0,0,0,0,0,0,0,0,0,0,0,0,0,0,0,0,0,0,0,0,0,0,0,0,0,0,0,0,0,0,0,0,0,0,0,0,0,0,0,0,0
MCED,X,11,0,0,0,0,0,0,0,0,0,0,0,0,0,0,0,0,0,0,0,0,0,0,0,0,0,0,0,0,0,0,0,0,0,0,0,0,0,0,0,0,0,0,0,0,0,0,0
MCED,Y,1,0,0,0,0,0.011044135,0.01427539,0.015835825,0.016810885,0.01754555,0.017866935,0.018018935,0.017909395,0.017603075,0.017213455,0.016964355,0.016725375,0.01670294,0.016336105,0.01581905,0.015194255,0.014451175,0.013539675,0.01256206,0.011427625,0.01035824,0.00936746,0.008693057,0.009012572,0.009184743,0.008946915,0.00913645,0.009606567,0.010154917,0.010282206,0.010348051,0.010435746,0.01071354,0.01156593,0.010823905,0.01025841,0.009723366,0.009387931,0.007903719,0.00718376,0.004828259,0,0
MCED,Y,2,0,0,0,0,0.017669025,0.02022788,0.019852025,0.018927585,0.01861209,0.01808111,0.01725658,0.01642574,0.01582576,0.015262595,0.014864635,0.01478135,0.015107695,0.01521098,0.01517745,0.01507018,0.01473956,0.01440647,0.014096255,0.01367732,0.013217305,0.01245848,0.01225191,0.012031685,0.0117329,0.01125611,0.01088555,0.010178934,0.00987289,0.009700448,0.00949153,0.009038398,0.008471908,0.007622515,0.00684603,0.006131841,0.005669165,0.0051061,0.004437474,0.003756491,0.003025829,0,0
MCED,Y,3,0,0,0,0,0.014709035,0.01758575,0.018792385,0.01905676,0.01902809,0.018709815,0.01824565,0.01777887,0.017271635,0.01688128,0.016516285,0.01631968,0.01628272,0.016257945,0.0161075,0.016070305,0.016108585,0.015986765,0.015734805,0.01540703,0.01510696,0.0146311,0.014092225,0.01362966,0.013201975,0.012582665,0.01182223,0.011058702,0.010402981,0.009963013,0.009535722,0.00889322,0.008278159,0.007609635,0.006871019,0.006082243,0.005333659,0.004546797,0.003714484,0.002884936,0.002423471,0,0
MCED,Y,4,0,0,0,0,0.008164848,0.01101958,0.012596295,0.013781655,0.014566625,0.01481335,0.014655485,0.014019455,0.01370065,0.013394385,0.013181735,0.01323306,0.013680355,0.01446952,0.01508086,0.015561655,0.01570747,0.015584245,0.015215485,0.01456669,0.013775465,0.01274602,0.01223073,0.01159988,0.011208495,0.010842708,0.01097605,0.01093908,0.01071647,0.010399065,0.010206421,0.009921136,0.009979596,0.009958511,0.009532126,0.008922255,0.00815586,0.00735866,0.006112872,0.004919322,0.003879233,0,0
MCED,Y,5,0,0,0,0,0.024032905,0.02620253,0.028188215,0.029533725,0.029022015,0.0278587,0.026933355,0.026393405,0.025517165,0.024427205,0.024036135,0.023359125,0.023229735,0.022734215,0.021916285,0.02152949,0.021672665,0.021809335,0.02178193,0.02157481,0.021866575,0.022117025,0.022136595,0.021908355,0.02171321,0.020836615,0.019300205,0.01781842,0.0158094,0.014292415,0.01356506,0.01295254,0.012712145,0.012116285,0.011129625,0.011067213,0.009976251,0.009325752,0.008257952,0.007464329,0.005155116,0,0
MCED,Y,6,0,0,0,0,0.008343276,0.01211503,0.013397695,0.013893915,0.01442454,0.01488224,0.015324425,0.015077225,0.0153934,0.01522123,0.01526257,0.015407735,0.01542917,0.01527104,0.01534346,0.015223215,0.014989335,0.014767365,0.014508855,0.01410916,0.013679775,0.013392085,0.013015465,0.012518745,0.011796605,0.011215276,0.010890094,0.010505571,0.010068674,0.009630072,0.009545106,0.00917717,0.00852515,0.007652317,0.007048208,0.006223302,0.005595892,0.00488221,0.004111911,0.003346787,0.002541713,0,0
MCED,Y,7,0,0,0,0,0.005835235,0.007646387,0.008450446,0.008831083,0.008954341,0.008828407,0.008535732,0.008131262,0.008136394,0.008137109,0.00812975,0.008047478,0.008383105,0.008481897,0.008820854,0.008989217,0.009127868,0.009146307,0.009378954,0.009510596,0.00951584,0.009391127,0.009188351,0.008913812,0.008777695,0.008629248,0.008634159,0.008613224,0.008582892,0.008540418,0.008508083,0.008343266,0.008102619,0.007735924,0.00726989,0.006700974,0.006030838,0.005274354,0.004275073,0.003416158,0.002319975,0,0
MCED,Y,8,0,0,0,0,0.008652518,0.01315954,0.014820785,0.014543855,0.016338415,0.01675434,0.01767658,0.01742306,0.01792623,0.017876065,0.018281295,0.018396685,0.019694145,0.02044656,0.020755985,0.020927235,0.020959045,0.02111729,0.021155975,0.02104014,0.020730245,0.02029557,0.01994624,0.019340865,0.01877706,0.01823246,0.017501385,0.01703985,0.016546335,0.015714315,0.01506473,0.0144128,0.0129322,0.011574145,0.01051252,0.009459715,0.008382494,0.006965138,0.006040785,0.005117669,0.003948855,0,0
MCED,Y,9,0,0,0,0,0.015130085,0.01768462,0.018478405,0.01905196,0.01905746,0.018712645,0.01819925,0.01751259,0.016695335,0.015920285,0.0155685,0.01581758,0.01645221,0.01628817,0.01587882,0.01521833,0.01468665,0.014834845,0.01492762,0.014955965,0.014844615,0.014242265,0.013574495,0.012907735,0.01199607,0.01110376,0.01139586,0.012091485,0.01244138,0.012467075,0.01221345,0.012200875,0.011986885,0.01190248,0.01122058,0.010830125,0.009433533,0.008866433,0.007178639,0.006189258,0.004488085,0,0
MCED,Y,10,0,0,0,0,0.0123491,0.013152625,0.01285241,0.0131896,0.01326914,0.013135235,0.0127389,0.012067835,0.01160532,0.011086827,0.010818372,0.010733301,0.01124734,0.011553325,0.011613035,0.011394615,0.010962255,0.01039997,0.009724878,0.009044642,0.009150826,0.008630592,0.009563826,0.009564261,0.009425456,0.009212293,0.008829504,0.008216793,0.007975651,0.007769041,0.0075321,0.007210399,0.007116456,0.006889233,0.006763805,0.006488696,0.00608664,0.005541393,0.004759937,0.004183278,0.003628581,0,0
MCED,Y,11,0,0,0,0,0.007814996,0.011120005,0.012765345,0.013818345,0.014454135,0.014747765,0.014683735,0.01431832,0.013930155,0.01377466,0.014188045,0.014543395,0.015343175,0.015986295,0.01625011,0.016414125,0.01652776,0.016312965,0.01560147,0.014353375,0.013131021,0.011954811,0.010952822,0.010315072,0.009862699,0.009502245,0.00965748,0.009327615,0.009104206,0.008454389,0.007993897,0.008010218,0.007813265,0.007551843,0.007457003,0.006887392,0.00656948,0.006407036,0.006077332,0.005730287,0.004035241,0,0
