Intensity Level,Direction,Ground Motion ID,floor 1,floor 2,floor 3,floor 4,floor 5,,,,,,,,,,,,,,,,,,,,,,,,,,,,,,,,,,,,,,,,,,
DBEB,X,1,0.126548367,0.13422602,0.143012347,0.224905306,0.18894102,0.151128265,0.154238673,0.174775918,0.191915612,0.20374551,0.210618265,0.21157551,0.207237143,0.199121122,0.189148878,0.181170408,0.179087245,0.183184388,0.18942949,0.194844388,0.197993571,0.202553878,0.207758673,0.211632449,0.212940816,0.211530408,0.207460306,0.202076837,0.198311327,0.198594184,0.201687245,0.204635612,0.204427653,0.199277449,0.188062653,0.170481939,0.167605918,0.172925204,0.17322949,0.169215816,0.158383776,0.148722857,0.166336735,0.183826429,0.199765714,0.216291633,0.237756531
DBEB,X,2,0.197856735,0.24358449,0.304051224,0.364120102,0.461731735,0.383280816,0.407569898,0.419277347,0.410251224,0.387927959,0.351402245,0.352343673,0.354049388,0.347574898,0.356885918,0.352219796,0.38814602,0.429043673,0.449482347,0.447866735,0.442580204,0.441621327,0.414300918,0.39092398,0.444182245,0.487943061,0.513884694,0.514842857,0.492687041,0.443851122,0.419677755,0.396354592,0.357052041,0.351647143,0.37013602,0.409308571,0.430788776,0.429979592,0.403549184,0.372422857,0.342913673,0.326816327,0.301751429,0.26911449,0.294261429,0.401144694,0.513256837
DBEB,X,3,0.121590204,0.277982143,0.640384796,0.468124184,0.538058367,0.293699388,0.214682245,0.208982551,0.222562041,0.211903367,0.19606949,0.184709694,0.182593061,0.179326837,0.187879898,0.203567245,0.218728469,0.231292653,0.238732857,0.239872347,0.234073265,0.221588673,0.204719898,0.201897245,0.205391735,0.226138163,0.24069449,0.24678102,0.24405051,0.232152041,0.211146429,0.182846837,0.169292551,0.175395204,0.180059796,0.179131429,0.179994898,0.187484898,0.195684082,0.21073898,0.209022959,0.21217898,0.21147602,0.232345612,0.249070918,0.286581224,0.342256531
DBEB,X,4,0.177674184,0.186102143,0.254284184,0.380795612,0.455010918,0.297634286,0.313993367,0.333702449,0.351062551,0.364235102,0.371679898,0.381289184,0.392044592,0.39458449,0.388497755,0.374457041,0.35411898,0.327297347,0.32858551,0.323258571,0.305997347,0.298934286,0.301007653,0.295510816,0.301431531,0.301395714,0.33322602,0.352413571,0.367220306,0.384944898,0.382917041,0.363121735,0.327314898,0.356780306,0.36892949,0.362477959,0.336207653,0.29088051,0.281514796,0.265624184,0.24908051,0.219578571,0.19160898,0.23401398,0.318387755,0.40730551,0.510329898
DBEB,X,5,0.885716327,1.293983673,1.401590816,1.715464286,1.811802041,1.469333673,1.540271429,1.694885714,1.871662245,1.947318367,1.744545918,1.462603061,1.463515306,1.484708163,1.53219898,1.612383673,1.647747959,1.709728571,1.809283673,1.730638776,1.719955102,1.597694898,1.777353061,1.496426531,1.614707143,1.473390816,1.430673469,1.446720408,1.387083673,1.508341837,1.727586735,1.978884694,2.101037755,1.988704082,1.629456122,1.650014286,2.268370408,2.259334694,2.068818367,1.718613265,1.54585,1.67634898,1.418642857,0.91842102,0.94973102,1.132809184,1.721873469
DBEB,X,6,1.03325102,1.149761224,1.332906122,1.649096939,2.768390816,1.523383673,1.622079592,1.57237551,1.570286735,1.67914898,1.512790816,1.773034694,1.69917551,1.693384694,1.747121429,1.684252041,1.795716327,1.600486735,1.528913265,1.438702041,1.330356122,1.297534694,1.271838776,1.253608163,1.274804082,1.410816327,1.448076531,1.562878571,1.489959184,1.618247959,1.707637755,1.679210204,1.551315306,1.387919388,1.326622449,1.541062245,1.517095918,1.711273469,1.664752041,1.508331633,1.509877551,1.365297959,1.484084694,1.265105102,1.083964286,1.206833673,1.740436735
DBEB,X,7,0.670435612,0.70032102,0.722214694,0.95088949,1.385152041,0.895352653,0.931022653,1.01568051,1.072316327,1.102544898,1.082408163,1.011297347,0.970042245,0.893456224,0.81263898,0.796020612,0.815707245,0.871086531,0.985225612,1.011663163,1.261538776,1.024070408,0.971729796,1.104119388,0.845912959,1.136090816,1.056881633,1.097594898,0.937869796,1.091969388,1.027396939,1.155088776,1.114873469,1.15535,1.051922449,0.925052959,1.041078571,0.888395918,0.739315306,0.82935949,0.818195408,0.81223602,0.565650306,0.718434184,0.837065204,0.815211122,0.994790816
DBEB,X,8,0.531910102,0.657726837,0.887955204,1.228163265,1.752057143,0.987727347,0.932171735,0.857758265,0.829420816,0.838460714,0.860978265,0.81198949,0.769546837,0.777201837,0.841758776,0.874666837,0.877161429,0.849101837,0.801598878,0.793250714,0.840504694,0.842354592,0.800881939,0.721566633,0.769445,0.821449286,0.826622755,0.800317653,0.802687755,0.763354388,0.66082,0.649935918,0.620195306,0.579462041,0.682088878,0.780826429,0.811678878,0.813763367,0.872443163,0.851571429,0.753555612,0.619602347,0.461749694,0.449537449,0.431894592,0.666684184,0.93661898
DBEB,X,9,0.547748571,0.722416531,0.905795714,0.989437551,1.183239796,0.667606531,0.567302347,0.57804602,0.576012857,0.586045102,0.591235102,0.570065918,0.625363265,0.69226949,0.726009388,0.721809592,0.656777449,0.650356224,0.684587041,0.668251531,0.672312653,0.671298265,0.695742347,0.79739398,0.834494898,0.839564184,0.826890714,0.816614592,0.865121531,0.840090408,0.777789898,0.680840816,0.59250398,0.722099592,0.792031429,0.819226531,0.790382551,0.761974082,0.850826735,0.878836531,0.832284388,0.701493367,0.476787551,0.351986531,0.47778102,0.698168878,0.914507347
DBEB,X,10,0.210053367,0.496028061,0.547953367,0.775913367,0.46735949,0.242547347,0.238517653,0.249534898,0.26321898,0.270548469,0.281745408,0.304648878,0.317223571,0.321024898,0.327588673,0.334883367,0.346752041,0.358356837,0.368212449,0.373898878,0.374257041,0.367636429,0.352970714,0.333298367,0.314893673,0.310174694,0.295706633,0.316682143,0.330102755,0.330168061,0.317068776,0.290973061,0.256433367,0.239986327,0.278807755,0.305943878,0.316990816,0.309965,0.285628163,0.288545408,0.290811122,0.276736224,0.29656051,0.344918878,0.38817551,0.425630816,0.465980408
DBEB,X,11,0.55287949,0.598055,0.719563163,0.92057898,1.491336735,0.813728367,0.771597245,0.720111327,0.707380612,0.69104398,0.747875408,0.757061327,0.804753673,0.790432653,0.810008571,0.822835918,0.836565714,0.83687949,0.794270408,0.875219286,0.910876735,0.861893061,0.829349082,0.731902347,0.679678673,0.752872857,0.800871531,0.811384796,0.839306939,0.825179898,0.762859286,0.852291224,0.862801531,0.810380306,1.127707143,0.845790612,0.761543878,0.766881633,0.744630918,0.726152245,0.674489796,0.598854082,0.453797449,0.333307347,0.506262755,0.659401531,0.851508878
DBEB,Y,1,0.109364082,0.116551122,0.174850102,0.340913776,0.152138776,0.134656429,0.138336327,0.143545714,0.149086122,0.153968469,0.157252857,0.158463163,0.157300714,0.153683673,0.147964694,0.152479796,0.154255612,0.15190102,0.145267245,0.13639,0.130975306,0.125019388,0.118313673,0.12169051,0.135602755,0.144707959,0.148492041,0.147101429,0.141087143,0.131596224,0.129197143,0.142823061,0.152785612,0.158473469,0.159670408,0.156205714,0.148420918,0.136786939,0.140424796,0.143578878,0.146010918,0.163635306,0.188964898,0.212207755,0.232982959,0.251055204,0.268080612
DBEB,Y,2,0.304836224,0.345503878,0.380057653,0.44931949,0.538863673,0.437910714,0.433267959,0.427994796,0.426832449,0.426758571,0.429695,0.439199592,0.458720714,0.485475,0.512575102,0.533006939,0.542959184,0.537766122,0.515311633,0.487384388,0.486866429,0.478442143,0.460534286,0.433725918,0.433678776,0.414029082,0.374780408,0.384633776,0.394568061,0.411757347,0.414135816,0.397623776,0.39530051,0.406966531,0.421467449,0.427255714,0.420595918,0.417602245,0.393323163,0.348511939,0.28965,0.264473571,0.269327857,0.310857449,0.369677245,0.421668163,0.47281449
DBEB,Y,3,0.086565612,0.276807041,0.469638469,0.397998673,0.323044184,0.159706837,0.153947857,0.148111735,0.14093551,0.143438776,0.160016735,0.179463367,0.194015204,0.201982857,0.202918265,0.197177653,0.184822143,0.177464082,0.180696939,0.184342449,0.199179388,0.212711327,0.221657347,0.225118673,0.222991224,0.216275102,0.20702898,0.197058367,0.187052347,0.178768469,0.181533367,0.17862051,0.174528061,0.165601837,0.161772755,0.154882041,0.151625408,0.15610898,0.163272347,0.171543571,0.179669184,0.189706224,0.200652551,0.211513163,0.232434184,0.25776398,0.283552449
DBEB,Y,4,0.179992245,0.188078571,0.198689184,0.286495408,0.325691429,0.229988776,0.246622551,0.260313776,0.269698265,0.273552755,0.272128776,0.265758061,0.25627949,0.24313898,0.239598163,0.239577245,0.24108551,0.254565102,0.264265408,0.266021735,0.257991735,0.241687551,0.21812949,0.19523898,0.20020551,0.216379082,0.233157143,0.24193102,0.248655816,0.26865898,0.280839694,0.285558469,0.283146531,0.273868469,0.25797051,0.235577959,0.207348878,0.187224286,0.188783571,0.182518878,0.187933469,0.190106531,0.184409388,0.215624184,0.269637653,0.321267347,0.374393265
DBEB,Y,5,0.74766102,0.953659184,1.303229592,1.751256122,2.01992449,1.505540816,1.460297959,1.432556122,1.454260204,1.468488776,1.275271429,1.356706122,1.266765306,1.264352041,1.185395918,1.190508163,1.191245918,1.108309184,1.149477551,1.195691837,1.155242857,1.08084898,1.102970408,1.100481633,1.06272551,0.927929286,0.950107449,0.966759796,1.045793878,1.016298367,1.019107857,1.002443367,1.003795204,0.896735,0.859401327,0.907465612,0.897005204,0.956692551,0.989868878,1.087034694,1.162245918,1.005578776,0.841980612,0.665520612,0.812042551,0.834611327,1.012168776
DBEB,Y,6,0.785055612,1.077482653,1.150891837,1.446394898,1.86247551,1.145786735,1.158612245,1.159320408,1.127506122,1.092208163,1.041302041,0.943914592,1.061757143,1.11402449,1.062381633,1.015380204,1.00630602,0.915648061,0.829462143,0.696486327,0.731566735,0.727959286,0.853059388,0.914280816,0.900927143,0.900430612,0.894602245,0.900312653,0.843151224,0.851856939,0.903695102,0.875871735,0.869805204,1.006345204,1.052064286,0.804767449,0.849720306,0.882336429,0.886874796,0.748748571,0.728284694,0.590742143,0.539801327,0.515051327,0.573924592,0.712848061,0.979058878
DBEB,Y,7,0.48850602,0.602443265,0.798834388,1.027867347,1.271365306,0.882559592,0.904070306,0.895167755,0.83329449,0.824478163,0.864844184,0.952107755,0.993448469,1.019365918,1.021635714,1.006255,0.986811429,0.982300816,0.944213878,0.92531602,0.93841398,0.903366531,0.853489286,0.862623673,0.808926224,0.771380816,0.85286102,0.834644286,0.785630102,0.802743163,0.866284694,0.908055816,0.852955306,0.744835714,0.826255816,0.925911633,1.002707143,1.041126531,1.07055,1.032607143,0.934756939,0.793387449,0.588104694,0.475811429,0.548933673,0.764385408,0.923348571
DBEB,Y,8,0.361355408,0.466218265,0.59683449,0.747888776,0.964216837,0.703882857,0.722110408,0.741874796,0.752562347,0.749851429,0.81254398,0.844333878,0.819108265,0.760428367,0.659719796,0.55972602,0.549168878,0.568032857,0.631475204,0.753700204,0.844407755,0.87834449,0.85366398,0.775911837,0.683697143,0.633294898,0.639045102,0.682197347,0.746498265,0.768621633,0.764536633,0.707069286,0.612693673,0.568996429,0.52378898,0.511778878,0.591444796,0.719968265,0.787986735,0.775481531,0.677034184,0.515147041,0.344812653,0.273603571,0.364318367,0.584700918,0.787479796
DBEB,Y,9,0.366636429,0.599422857,0.871699286,0.921137959,1.060931633,0.72629449,0.719278776,0.681778163,0.72834949,0.733422245,0.788384082,0.814678061,0.810004796,0.763239694,0.707434184,0.574412653,0.537708061,0.50213051,0.46823051,0.477794082,0.528317857,0.62323398,0.654773878,0.62658102,0.562059694,0.48803,0.448383878,0.42462,0.447350918,0.434334592,0.413237245,0.375267857,0.423134286,0.437054184,0.419070816,0.410834898,0.444227041,0.452693265,0.416526939,0.356943163,0.315186327,0.261232347,0.246419592,0.269613061,0.324302449,0.394745102,0.463227245
DBEB,Y,10,0.168039184,0.284232551,0.317429694,0.315247347,0.355772551,0.257513061,0.262410204,0.26809398,0.282974184,0.266036531,0.261168367,0.251910102,0.238562653,0.244442857,0.250083776,0.257143878,0.261422959,0.264113673,0.265147653,0.266350816,0.267348469,0.266434184,0.263194082,0.256175918,0.245604388,0.244672857,0.233411939,0.247638776,0.277672245,0.298077857,0.305645102,0.295288265,0.270070816,0.235299796,0.228833163,0.228780204,0.229036327,0.228409694,0.242272857,0.240081735,0.224705408,0.219103163,0.220671122,0.246091122,0.28658102,0.328137653,0.368747041
DBEB,Y,11,0.492143163,0.567296327,0.591923571,0.671419286,0.765656837,0.637022959,0.648199898,0.623257653,0.588492245,0.639289082,0.654770306,0.609532143,0.592990612,0.705191837,0.773686429,0.802350102,0.792519898,0.795082755,0.748588776,0.672607551,0.573389082,0.57017602,0.599102551,0.590396327,0.606808163,0.679882347,0.672971224,0.629599796,0.61094602,0.563595102,0.618664796,0.700592653,0.766230408,0.828902857,0.815427449,0.699506224,0.605018469,0.544062245,0.565536633,0.585983265,0.544313878,0.459219796,0.358883367,0.437798571,0.444189898,0.622682857,0.811086735
MCEB,X,1,0.189832041,0.254240306,0.579115306,0.600654694,0.325888571,0.258301837,0.230783673,0.259218265,0.285476327,0.305654898,0.323092653,0.34049051,0.344522857,0.322198061,0.292510306,0.295270918,0.306764286,0.302720306,0.294420714,0.313702653,0.313542653,0.310762143,0.306172959,0.311522143,0.313439184,0.311067143,0.304861327,0.296689286,0.290895306,0.292571531,0.299192959,0.30415102,0.303469796,0.295052959,0.27773949,0.250768061,0.232512551,0.238328265,0.228107959,0.228025204,0.215984796,0.215669388,0.239441122,0.250501429,0.272493265,0.304300102,0.356201633
MCEB,X,2,0.296800102,0.468030918,0.534901327,0.643973163,0.668617551,0.57323398,0.633072143,0.665670918,0.625725102,0.578497041,0.544192245,0.51782102,0.505987857,0.494630306,0.491284388,0.528959184,0.569990102,0.627094388,0.657690204,0.643596633,0.619285,0.589723673,0.541712959,0.580211429,0.656269592,0.700127857,0.73117949,0.727064184,0.691198163,0.628155612,0.624123571,0.592432959,0.533974592,0.456075,0.517460918,0.576051939,0.62242051,0.648846224,0.629395816,0.573076735,0.480997551,0.462867347,0.430290918,0.381422449,0.450333673,0.599277653,0.749298265
MCEB,X,3,0.182385306,0.239195306,0.326756633,0.293934592,0.302201837,0.227728163,0.236538776,0.259393776,0.298282041,0.347207245,0.304669184,0.362959694,0.305136735,0.302741327,0.312845714,0.331953469,0.349242245,0.355179388,0.348542653,0.341806633,0.328333367,0.322889898,0.32517102,0.315873163,0.310632041,0.335162245,0.355082041,0.361429898,0.356640816,0.340354286,0.312315816,0.273171735,0.25064398,0.242422653,0.235036837,0.225307143,0.238138469,0.242071735,0.242792755,0.261842551,0.272181735,0.276065306,0.280309286,0.305339796,0.366736224,0.434047245,0.500460408
MCEB,X,4,0.266524796,0.42013602,0.497144898,0.457118061,0.682459286,0.445894694,0.47037602,0.499923571,0.525882143,0.545626939,0.556807857,0.559727653,0.565269184,0.567272245,0.555329796,0.532402143,0.506361122,0.480396122,0.493497857,0.484666224,0.458854694,0.48484,0.450098163,0.462958673,0.472179898,0.45499398,0.473015,0.505961633,0.55089949,0.577243673,0.574223367,0.54438602,0.490641837,0.514971735,0.527485714,0.518970714,0.477033878,0.426012449,0.420645306,0.395353878,0.368295204,0.323747347,0.291039592,0.342841633,0.45642449,0.582207347,0.728365612
MCEB,X,5,1.328628571,2.424038776,2.576271429,2.537997959,2.771197959,2.103842857,2.005579592,2.059533673,2.25585102,2.38339898,2.421237755,2.295377551,2.115386735,1.898083673,1.842858163,1.760572449,1.815168367,1.914120408,2.009380612,2.156819388,2.430065306,2.346493878,2.181731633,2.026981633,2.003740816,2.174496939,1.974126531,1.832027551,1.667987755,1.588157143,1.545035714,1.730322449,1.878895918,2.203303061,2.118779592,2.102212245,1.926655102,2.602222449,2.410303061,2.133818367,2.304680612,2.075010204,1.786119388,1.557156122,1.573605102,1.996978571,2.471013265
MCEB,X,6,1.549964286,1.777967347,2.118192857,3.118921429,4.14842551,2.358872449,2.253714286,2.331677551,2.266119388,2.198326531,2.489287755,2.422186735,2.341854082,2.28037551,2.473804082,2.766347959,2.785835714,2.66055,2.727207143,2.735660204,2.838426531,2.787227551,2.673872449,2.743216327,2.593526531,2.702908163,2.800883673,2.991843878,3.26085102,3.20575,3.346993878,3.564523469,3.289940816,2.536477551,2.677176531,2.453319388,2.689439796,2.691435714,3.056792857,3.125297959,3.046836735,2.71897449,2.935302041,2.661333673,2.017912245,1.581020408,2.901816327
MCEB,X,7,1.005703878,1.149123469,1.218168367,1.455232653,1.944329592,1.283758163,1.269930612,1.391464286,1.45212551,1.484495918,1.489329592,1.400790816,1.447532653,1.429921429,1.317491837,1.385040816,1.284557143,1.36897449,1.630692857,1.597326531,1.696113265,1.666686735,1.418003061,1.719053061,1.263315306,1.408022449,1.286361224,1.284729592,1.426644898,1.310490816,1.398281633,1.549978571,1.564637755,1.540517347,1.538102041,1.417585714,1.430277551,1.122311224,1.110270408,1.015459286,1.056228571,0.944603673,0.812868776,0.731491531,0.88690398,1.100697959,1.391963265
MCEB,X,8,0.79791949,0.993313367,1.335015306,1.833544898,2.573935714,1.542237755,1.500496939,1.413985714,1.313729592,1.217342857,1.129838776,1.133914286,1.084259184,1.195237755,1.362414286,1.439614286,1.533816327,1.498390816,1.40097551,1.34422449,1.287064286,1.252138776,1.202489796,1.0732,0.983421735,1.07,1.146755102,1.20157551,1.247797959,1.183868367,1.090135714,0.982360204,0.911379286,0.907640408,0.860229694,0.886390612,1.126730612,1.195083673,1.262528571,1.2983,1.184494898,0.920801633,0.661540714,0.664704796,0.727068673,0.924647755,1.361987755
MCEB,X,9,0.821667449,1.168603061,1.160726531,1.306853061,1.513492857,0.890942245,0.90989898,0.900010918,0.896146224,0.891926735,0.873734082,0.981968265,0.923220306,0.963435204,0.979809592,0.991854898,1.030082653,0.97868449,1.025170408,1.1015,1.224929592,1.239386735,1.039667347,0.963510918,1.143322449,1.224934694,1.203806122,1.194977551,1.134642857,1.166332653,1.221143878,1.160608163,0.968473061,0.819816837,1.111834694,1.336719388,1.337760204,1.275762245,1.274346939,1.225063265,1.178502041,1.06797551,0.80765051,0.556132857,0.666663367,0.993173776,1.314240816
MCEB,X,10,0.315045918,0.404915408,0.95955898,0.609272347,0.742050102,0.482534388,0.438187551,0.404650102,0.380514592,0.375056224,0.419546531,0.451111939,0.466222551,0.471994592,0.46622602,0.495884796,0.503840408,0.527027959,0.534021633,0.583084388,0.551592143,0.51043398,0.508248061,0.487912041,0.453766531,0.431345612,0.436468673,0.445748673,0.487823163,0.473854286,0.467603367,0.440080102,0.388901837,0.362204388,0.39747551,0.440561633,0.455371224,0.437901327,0.409679694,0.379990306,0.374999082,0.359433163,0.389561429,0.453797755,0.51557449,0.592547245,0.642706735
MCEB,X,11,0.829362755,0.934782857,1.048790816,1.380422449,2.175191837,1.272627551,1.291815306,1.220294898,1.141307143,1.055623469,1.023880612,1.043980612,1.076735714,1.098381633,1.091623469,1.116080612,1.145718367,1.191461224,1.221685714,1.270297959,1.282508163,1.308409184,1.224908163,1.128157143,1.075176531,1.097479592,1.219393878,1.346378571,1.340040816,1.199972449,1.13792551,1.062115306,1.000180612,1.443823469,1.32729898,1.05377551,1.643673469,1.145392857,1.187013265,1.104362245,0.988889082,0.919508469,0.808137551,0.684238265,0.666107857,0.855410816,1.22932551
MCEB,Y,1,0.16405449,0.209286939,0.297487755,0.445307755,0.28618949,0.202321837,0.208682041,0.215165306,0.223486735,0.230777857,0.235714184,0.237558061,0.235830204,0.23034449,0.221759388,0.22486102,0.227375204,0.223852755,0.214002245,0.206881531,0.201472857,0.191402755,0.177120204,0.180387143,0.202443367,0.216843571,0.221016837,0.220529388,0.21008051,0.196501224,0.203162041,0.213637245,0.224642245,0.233218265,0.235494796,0.231119694,0.220458163,0.215999082,0.217277857,0.222260714,0.230632959,0.244794592,0.281443061,0.315349898,0.345604898,0.373803673,0.398917755
MCEB,Y,2,0.457277653,0.518252959,0.570050102,0.678404694,0.792673265,0.695118367,0.674626633,0.657915,0.63467898,0.610796122,0.620723061,0.639815816,0.670653673,0.709700918,0.747582959,0.77624898,0.791950714,0.785194388,0.750787041,0.694892245,0.696232551,0.689579898,0.664127449,0.644818469,0.654021837,0.632280306,0.568848367,0.538520918,0.553589694,0.572094184,0.569643673,0.556000408,0.562961429,0.578998469,0.601291122,0.611836327,0.598805,0.564477755,0.529222857,0.466725,0.420849082,0.384430306,0.373144286,0.444423673,0.515420204,0.580846122,0.65638602
MCEB,Y,3,0.129849184,0.266636531,0.576123776,0.351044694,0.293974796,0.24311102,0.246892143,0.226426429,0.219925408,0.242276837,0.229369898,0.279085306,0.254580816,0.265202449,0.259785816,0.264880918,0.274463367,0.275952959,0.27706102,0.292237041,0.295848673,0.30351398,0.311636633,0.312529184,0.319989796,0.319574388,0.322530918,0.313304184,0.301652143,0.286393878,0.271067143,0.276692653,0.272560918,0.267302653,0.257231633,0.238848061,0.237277245,0.247222755,0.262062041,0.277105102,0.302580204,0.313588673,0.325307449,0.336887857,0.365037449,0.389651837,0.426354388
MCEB,Y,4,0.270002143,0.427052959,0.411268776,0.417861735,0.451194184,0.366769592,0.354291939,0.38111102,0.392986735,0.399790102,0.399658163,0.396437959,0.393896429,0.376814082,0.35945949,0.359422755,0.354084082,0.373579184,0.390725918,0.393095918,0.382756327,0.355842449,0.318178776,0.286500714,0.294245816,0.32016,0.350186429,0.363192959,0.357294694,0.382071429,0.405935,0.412363673,0.418082857,0.403372653,0.38518051,0.351542041,0.315806735,0.280603265,0.282984388,0.260651327,0.280098469,0.284002857,0.272808571,0.309428265,0.377333163,0.43401551,0.48433051
MCEB,Y,5,1.121555102,1.557657143,2.081502041,2.472764286,2.852713265,2.199087755,2.251857143,2.233879592,2.371560204,2.096459184,2.039886735,2.043835714,1.87835102,1.860117347,1.710303061,1.870313265,1.953314286,1.898443878,1.985770408,1.840841837,1.880635714,1.69099898,1.624979592,1.462843878,1.457737755,1.564403061,1.542168367,1.571433673,1.602941837,1.55432449,1.488369388,1.385156122,1.359553061,1.209597959,1.388665306,1.56415102,1.560331633,1.341095918,1.367739796,1.629394898,1.833107143,1.414968367,1.875038776,1.409056122,1.703755102,1.211928571,1.289533673
MCEB,Y,6,1.177618367,1.563635714,1.664385714,2.091742857,2.743778571,2.171077551,2.093014286,2.02735,1.850529592,1.702262245,1.634381633,1.69634898,1.64265102,1.667678571,1.692263265,1.614964286,1.696259184,1.826861224,1.783358163,1.695837755,1.426542857,1.21340102,1.149634694,1.411195918,1.575161224,1.438923469,1.675487755,1.595667347,1.653220408,1.730740816,1.856094898,1.587869388,1.410252041,1.268895918,1.591593878,1.47562449,1.473993878,1.404729592,1.787823469,2.034194898,1.853768367,2.783953061,2.106090816,1.798207143,1.540840816,1.678227551,1.505306122
MCEB,Y,7,0.73279602,1.205308163,1.372844898,1.888106122,1.993476531,1.482859184,1.311395918,1.260307143,1.230996939,1.248784694,1.206037755,1.264907143,1.360379592,1.379582653,1.435720408,1.420492857,1.451008163,1.448542857,1.371445918,1.372071429,1.451867347,1.315914286,1.237511224,1.270737755,1.199718367,1.117660204,1.350720408,1.279067347,1.133226531,1.157872449,1.133526531,1.192687755,1.155920408,1.237087755,1.025452041,1.237852041,1.192635714,1.306580612,1.269426531,1.149586735,1.103072449,1.028857143,0.825741429,0.673644694,0.721143265,0.823757449,0.999681633
MCEB,Y,8,0.542060612,0.910443367,1.071267347,1.231290816,1.436423469,1.058904082,1.068940816,1.094827551,1.113176531,1.107313265,1.085045918,1.232157143,1.282518367,1.128984694,0.987515,0.847995816,0.802048469,0.860166633,0.927538776,0.987555918,1.029882653,1.04825,1.054138776,0.989725204,0.897470102,0.854832041,0.886976735,0.998438673,1.006718776,1.024762245,1.055888776,0.966357653,0.808360714,0.758644898,0.717450714,0.715991939,0.843843878,1.013583469,1.097372449,1.049337755,0.905442449,0.693241327,0.515433776,0.417797143,0.499456327,0.760048878,1.021610204
MCEB,Y,9,0.549985102,0.701863571,1.027271429,1.240847959,1.646997959,1.180870408,1.163771429,1.121519388,1.048753061,1.00192449,1.045811224,1.113052041,1.172492857,1.131635714,1.082266327,0.963659592,0.934881633,0.86112449,0.804091735,0.717829592,0.754925918,0.775005306,0.840777245,0.845457041,0.827963878,0.749509082,0.832765408,0.705261531,0.623162347,0.596310816,0.589871429,0.556898673,0.563362653,0.607800102,0.632515408,0.616249796,0.728422755,0.630525714,0.545955204,0.553022449,0.474260816,0.407296122,0.369159082,0.407877245,0.483111531,0.594519184,0.70705102
MCEB,Y,10,0.252031633,0.505251327,0.82638449,0.795620714,0.535798571,0.410781531,0.387689082,0.424165204,0.449368163,0.437664592,0.38319102,0.426116327,0.438566837,0.413097857,0.374648673,0.362675816,0.351359082,0.352562755,0.364803061,0.362266633,0.361972551,0.371572449,0.35415398,0.334328571,0.324532449,0.304326224,0.306533776,0.308758265,0.348167245,0.35784051,0.363065102,0.347542653,0.317891122,0.294429184,0.308891429,0.31274,0.311033163,0.307828776,0.297042857,0.314651837,0.306088061,0.29688898,0.291018163,0.308931735,0.340797755,0.399484694,0.458698776
MCEB,Y,11,0.738251939,0.811917041,1.182043878,1.500996939,1.390340816,1.050969388,0.997175918,0.946076327,0.925259388,0.917589082,0.861368469,0.803760408,0.781825306,0.852998571,0.948646735,1.017255918,1.081483673,1.077536735,1.013459388,0.91131,0.862930408,0.851037959,0.833940612,0.826374592,0.776900714,0.809349184,0.852707449,0.884237143,0.862431837,0.808814082,0.809810204,0.782590816,0.878424796,0.908572245,0.884413878,0.774442041,0.760679286,0.946919796,1.016161837,0.968628367,0.885236837,0.663255306,0.548324184,0.445916531,0.646447551,0.836614184,1.077828571
DBED,X,1,1.077839796,1.427864286,1.407368367,1.566197959,1.717519388,1.284854082,1.295779592,1.216227551,1.202993878,1.281331633,1.353859184,1.476856122,1.501146939,1.515457143,1.532734694,1.471418367,1.455143878,1.32192551,1.258081633,1.293179592,1.50359898,1.561344898,1.520491837,1.514486735,1.454682653,1.419977551,1.223386735,1.361746939,1.39069898,1.393709184,1.620338776,1.616820408,1.394754082,1.460284694,1.40282551,1.843654082,1.986565306,1.800092857,1.803336735,1.408289796,1.00118602,1.021468367,0.984179184,0.908870408,1.085007143,1.541562245,1.591891837
DBED,X,2,0.454662755,0.885802653,0.933465714,0.930865918,0.993552959,0.874771837,0.948649184,0.974617755,0.954484898,0.90571102,0.876973061,0.834940816,0.888588571,0.809868061,0.86089449,0.959998878,1.003659286,0.963710816,1.042479592,1.106370408,1.111583673,1.045102041,0.964815408,1.055281633,1.045852041,1.056983673,1.1117,1.136987755,1.22737449,1.127593878,1.283023469,1.057254082,0.959021837,0.745972653,0.822024286,0.812294694,0.906581837,0.961279592,0.973567143,1.022215306,0.936503163,0.798994286,0.633943469,0.622214592,0.721081327,0.901172755,1.253570408
DBED,X,3,0.469085204,1.062167347,1.02842551,0.761934388,0.972675102,0.542805612,0.471132959,0.493669694,0.543167959,0.576084592,0.653592755,0.783665714,0.870837959,0.808328776,0.791227041,0.667542245,0.76296949,0.752387143,0.899537347,0.689662959,0.681597143,0.699218776,0.662764082,0.741987857,0.757068265,0.754329592,0.896943776,0.736412245,0.762492143,0.690984184,0.681511531,0.591508367,0.533656531,0.530764592,0.529163469,0.526271633,0.54247602,0.546443878,0.573913367,0.56913898,0.523961633,0.443068367,0.550819796,0.681800306,0.714589388,0.864780102,0.889868265
DBED,X,4,0.420445204,1.026908163,0.747732755,1.258047959,1.196652041,0.799306327,0.790513265,0.816266224,0.852149898,0.848816122,0.952164694,0.849537245,0.796296939,0.79230398,0.746234694,0.73081051,0.817613776,0.874327041,0.954526735,1.007779694,1.02389898,0.976887551,0.886339286,0.794331122,0.72837602,0.739347041,0.759598673,0.887134082,0.91823,0.877037449,0.799967449,0.786801531,0.723847347,0.682029082,0.727038469,0.785814694,0.816087245,0.882746327,0.745475816,0.665246122,0.621995,0.556855612,0.479892143,0.516655918,0.613496735,0.676144388,0.843425816
DBED,X,5,0.284997245,1.985857143,1.979718367,2.543771429,3.060658163,1.84240102,1.573065306,1.10182449,0.969273776,1.166828571,0.88661602,0.795703469,0.860878265,0.86523102,0.975632143,0.769625306,1.091897959,1.001808571,1.111441837,0.770772143,0.795263163,0.817815918,1.046613265,1.096611224,1.056023469,0.970449184,1.144986735,0.927546122,1.341589796,1.048709184,1.240722449,1.110693878,1.131654082,1.201072449,1.035637755,0.932729796,0.808616735,0.687507755,0.844838061,0.860641939,0.824873061,0.717545204,0.587337551,0.553236837,0.603340306,0.61878551,0.793545612
DBED,X,6,0.434020714,0.707941429,0.952262449,0.773079388,1.088785714,0.703197959,0.745725714,0.797533571,0.833056735,0.890036327,1.077543878,0.873754184,0.994577551,0.830688776,0.796384184,0.765973163,0.747934388,0.776657041,0.77073898,0.724093878,0.710137653,0.696474592,0.772837959,0.768645816,0.646043469,0.646251633,0.698456224,0.760776633,0.834992959,0.873108878,0.864686224,0.825423469,0.738977041,0.629742245,0.576306939,0.623883673,0.644769796,0.64944398,0.62519551,0.588939184,0.534544286,0.456642347,0.397152857,0.553276429,0.603540102,0.796154286,1.097277551
DBED,X,7,0.25453,0.635566939,0.906911224,0.74997102,1.042757143,0.396205714,0.452263776,0.437395204,0.384790204,0.544553163,0.547027245,0.517252857,0.604388061,0.513515,0.482887653,0.530325714,0.485222653,0.637217653,0.508678469,0.510292857,0.451442755,0.453960816,0.406095714,0.382185408,0.388141735,0.382825816,0.378762245,0.369658265,0.370103163,0.37755051,0.388507551,0.393487245,0.392467857,0.379167347,0.352422755,0.321710816,0.273313469,0.26648449,0.236610816,0.255717551,0.251321735,0.260999082,0.294441531,0.305145918,0.318981327,0.390642755,0.458454592
DBED,X,8,0.439821327,0.606613061,0.978606327,0.960429592,1.559960204,0.923393163,1.008183061,1.12515102,1.220178571,1.402544898,1.366021429,1.288584694,1.438657143,1.480841837,1.332233673,1.250834694,1.264635714,1.38459898,1.180478571,1.178729592,1.145011224,1.089729592,1.094691837,1.025117347,1.075812245,1.028630612,1.048563265,1.111922449,1.120879592,1.027621429,0.943610204,0.871119796,0.800141633,0.804003061,1.11872449,1.291892857,1.362129592,1.214836735,1.087090816,1.021141837,0.994744796,0.886128776,0.710081735,0.618576735,0.703769898,0.998798163,1.400490816
DBED,X,9,0.709182857,1.154627551,1.458212245,1.859095918,2.272083673,1.486793878,1.390670408,1.494161224,1.46335102,1.47992449,1.486963265,1.521517347,1.404936735,1.374056122,1.279104082,1.409107143,1.412803061,1.351717347,1.330279592,1.417460204,1.318571429,1.247492857,1.32682551,1.373308163,1.334432653,1.407788776,1.628509184,1.620691837,1.422528571,1.336603061,1.428873469,1.57845,1.314346939,1.105005102,1.09815,1.230810204,1.444167347,1.632809184,1.686480612,1.590415306,1.327269388,1.202417347,1.099203061,0.760661122,0.883632143,1.195853061,1.807910204
DBED,X,10,0.478121939,0.538309286,0.642747755,0.860010408,0.968807347,0.696054796,0.624133469,0.643068571,0.63411551,0.686256837,0.734296122,0.659020612,0.673869796,0.735013878,0.770755918,0.674285918,0.735177041,0.767733061,0.786093673,0.785747551,0.781036735,0.762470204,0.74156898,0.747438265,0.685810204,0.655899592,0.617375918,0.635472245,0.669593061,0.632491531,0.598191224,0.539365204,0.579336122,0.678091633,0.804075408,0.88880449,0.790321939,0.743678571,0.716855918,0.679585612,0.564036327,0.481870918,0.449625306,0.477395204,0.567659388,0.813523469,0.976118265
DBED,X,11,1.055120408,1.190814286,1.741138776,1.712478571,2.696909184,1.724261224,1.722402041,1.659334694,1.600670408,1.564463265,1.400672449,1.305706122,1.295726531,1.34157449,1.425947959,1.504910204,1.599226531,1.613121429,1.617496939,1.636463265,1.749818367,1.797934694,1.698114286,1.64010102,1.52594898,1.559652041,1.759487755,1.859193878,2.043533673,1.857489796,1.863585714,1.781071429,1.607685714,1.618806122,1.549515306,1.585345918,1.619188776,1.583188776,1.626152041,1.581077551,1.598692857,1.454664286,1.166602041,0.769252755,0.906546327,1.22439898,1.609210204
DBED,Y,1,0.853874796,1.302121429,1.727171429,2.302412245,2.71384898,2.033242857,1.982378571,1.939604082,1.8768,1.756765306,1.621830612,1.574586735,1.528454082,1.467387755,1.50859898,1.559465306,1.650067347,1.672606122,1.770852041,1.759236735,1.675390816,1.607528571,1.615410204,1.541695918,1.580827551,1.532227551,1.522273469,1.51135,1.441370408,1.390328571,1.2302,1.057183673,1.092376531,1.208285714,1.25872449,1.258176531,1.32005,1.166170408,1.134342857,1.251235714,0.942704694,0.876435408,0.650811122,0.847565102,1.074859184,1.220317347,1.511093878
DBED,Y,2,0.45810949,0.777697755,0.688604082,1.110326531,1.050604082,0.841748571,0.839988163,0.820562143,0.797542857,0.795893878,0.751763265,0.748755816,0.729105204,0.699382857,0.703882857,0.693421735,0.712532755,0.737746837,0.767597857,0.750167245,0.732894286,0.699383776,0.70154449,0.779956837,0.749246224,0.658133367,0.658102959,0.664769184,0.596488878,0.561225408,0.56026449,0.552941122,0.560587755,0.552306429,0.531703061,0.549977857,0.588995816,0.625601531,0.594661633,0.53589898,0.477116531,0.402727653,0.392255102,0.428305,0.472254592,0.571793878,0.69539898
DBED,Y,3,0.375260816,0.807154592,1.128858163,1.045922449,0.693742143,0.671444592,0.543143367,0.52474102,0.593496735,0.581035816,0.847032551,0.615748776,0.64328,0.578917449,0.558285612,0.506408061,0.545286939,0.658655204,0.599581837,0.526412653,0.520751429,0.518559388,0.52219398,0.521488776,0.512564694,0.479768061,0.444996327,0.436838163,0.552589286,0.455014388,0.484089184,0.446285918,0.439580918,0.452586633,0.500787551,0.512079388,0.504263367,0.490918367,0.447485204,0.451712449,0.422546122,0.414613265,0.386901327,0.360944184,0.384876939,0.464193673,0.555550816
DBED,Y,4,0.647777245,1.112222449,0.916795714,0.99098398,1.051633673,0.922227959,0.890994286,0.88335102,0.899171327,0.882869694,0.858141224,0.876442959,0.838979796,0.85811398,0.898459082,0.940322449,0.969180612,0.977150816,0.948486531,0.890668163,0.842650816,0.849671224,0.882347959,0.890982959,0.944126429,0.95717102,0.894673163,0.812780204,0.751426122,0.826676735,0.761871939,0.701727041,0.674583571,0.689183571,0.713833469,0.720442245,0.718673163,0.73044,0.74858949,0.703719388,0.575694796,0.542667245,0.465246429,0.536372857,0.600948571,0.672158469,0.809359184
DBED,Y,5,0.400308367,1.824917347,2.861536735,1.963291837,4.791976531,3.41867551,2.395739796,1.481792857,2.033647959,1.504758163,1.142256122,1.052769388,1.246317347,0.930455408,0.911212653,0.969700714,0.873821531,0.860117959,0.812161122,0.923284694,0.82374551,0.903979286,0.996556224,0.839632143,0.979265918,0.732541939,0.795030102,0.662267245,0.766025102,0.675473265,0.473717857,0.491388469,0.426089184,0.410079898,0.413526939,0.404448163,0.461832347,0.407306327,0.392469388,0.408074388,0.412247959,0.453608571,0.439297857,0.462799694,0.560717245,0.608278673,0.671919184
DBED,Y,6,0.439683571,0.634482449,0.720968878,0.70293051,0.745067551,0.569469082,0.551444592,0.528840306,0.571941122,0.594297857,0.640403367,0.706742755,0.670816735,0.617392041,0.591534592,0.590617551,0.559446837,0.614117551,0.615319388,0.621410612,0.58561398,0.531028469,0.478240102,0.508167347,0.514455102,0.577456531,0.677320816,0.637543776,0.505795306,0.481648776,0.529820918,0.556089184,0.573001735,0.551902551,0.545869592,0.533523776,0.51307,0.502505306,0.434372857,0.412899898,0.429187041,0.422186837,0.390324082,0.388050714,0.43924,0.523234388,0.61818102
DBED,Y,7,0.219966939,0.475466531,0.779267551,0.5757,0.358264184,0.29582551,0.347563163,0.327955816,0.351223878,0.355467449,0.350975918,0.330219796,0.322468163,0.357795204,0.335981633,0.381643776,0.363646327,0.417477551,0.331706939,0.32070602,0.285183367,0.272032245,0.254752245,0.251657347,0.273214184,0.287217449,0.310224694,0.303425408,0.304306224,0.285641224,0.262348878,0.273806531,0.280273265,0.299746633,0.287722959,0.276104388,0.289777857,0.298626735,0.299266429,0.274543367,0.291700612,0.348855612,0.386751531,0.417123878,0.469585102,0.498215102,0.524130918
DBED,Y,8,0.733174796,0.986860918,1.146137755,1.499758163,1.616618367,1.185423469,1.140083673,1.074363265,1.056713265,1.019160612,0.940518571,0.912254184,0.889423469,1.012972245,1.03995102,1.040246939,1.158472449,1.06585,1.001403367,1.010833571,0.779094388,0.746211429,0.739028571,0.740921429,0.746052041,0.966022959,0.939365102,0.910709082,0.876542653,0.850375408,0.727089184,0.661727449,0.584822041,0.590161837,0.683764694,0.738296531,0.772162143,0.865087755,0.882311122,0.860116327,0.764833367,0.615993265,0.409168061,0.37930949,0.603510714,0.828068776,1.004148571
DBED,Y,9,1.043923469,1.399671429,1.682728571,2.580013265,2.898288776,2.158428571,2.152429592,2.154037755,1.827044898,1.737153061,1.726438776,1.724230612,1.619369388,1.948276531,2.199507143,2.195407143,2.180435714,1.930286735,1.777334694,1.588758163,1.475555102,1.415711224,1.365956122,1.312429592,1.268178571,1.263804082,1.166641837,1.098529592,1.159956122,1.231471429,1.186641837,1.167579592,1.161206122,1.088688776,1.032470408,0.93492898,0.911044796,1.022083673,1.190492857,1.235244898,1.213089796,0.999621735,0.762986939,0.669683469,0.794721327,0.935579694,1.338071429
DBED,Y,10,0.342247959,0.546133367,0.497767755,0.511189082,0.579406531,0.53786398,0.488402245,0.575623367,0.651305102,0.618507041,0.634261327,0.62677,0.662042041,0.611081429,0.73364602,0.598976939,0.555708469,0.526800714,0.524601327,0.540699898,0.609755408,0.652267857,0.799362755,0.807276122,0.899411735,0.746633265,0.581516939,0.574881122,0.449926327,0.40277051,0.41199949,0.426638571,0.449545,0.517212347,0.608426531,0.617930102,0.598135,0.595895102,0.527861122,0.485683776,0.419549286,0.466665,0.538254592,0.605501224,0.69572051,0.776712245,0.826472959
DBED,Y,11,0.939206837,1.254119388,1.52815,1.643883673,1.935304082,1.389462245,1.225943878,1.199190816,1.207363265,1.254502041,1.142556122,1.043521429,1.0199,0.979844286,1.070162245,1.154477551,1.241611224,1.263838776,1.27937449,1.20215,1.190705102,1.069968367,0.988200306,1.015361224,1.008352755,1.013249082,0.975682653,1.005829898,1.132693878,1.120246939,1.007964388,0.92687602,0.908646531,0.985519898,0.943095306,0.85695,1.11267449,1.243842857,1.211445918,1.183939796,0.913190408,0.942002551,0.747561224,0.722479286,0.871962653,0.989733265,1.418044898
MCED,X,1,1.616822449,1.980508163,2.203905102,2.362985714,2.576254082,2.18915,1.933214286,1.698135714,1.63537551,1.545360204,1.524266327,1.621954082,1.599835714,1.679479592,1.662168367,1.719704082,1.803056122,1.834613265,1.567571429,1.710145918,1.941915306,1.846515306,2.034728571,2.099219388,2.051333673,2.024185714,1.801670408,1.919438776,1.990613265,2.055586735,1.801867347,1.981560204,2.147664286,1.603303061,1.488288776,1.553088776,1.487207143,1.697753061,1.654115306,1.636429592,1.592416327,1.491987755,1.338789796,1.196364286,1.334488776,1.314426531,1.638287755
MCED,X,2,0.68204102,2.028267347,3.449939796,2.187845918,2.22747449,2.134554082,1.512379592,1.116676531,1.722703061,1.179835714,1.216946939,1.153634694,1.192296939,1.212138776,1.467780612,1.345373469,1.190837755,1.286131633,1.410141837,1.398958163,1.408610204,1.345859184,1.31425102,1.328477551,1.30524898,1.283141837,1.364470408,1.605313265,1.720118367,1.67522551,2.069015306,2.150010204,1.607769388,1.368628571,1.540062245,1.300568367,1.463447959,1.373087755,1.476879592,1.446672449,1.343409184,1.258809184,1.081113265,0.904900102,0.975448265,1.263834694,1.788123469
MCED,X,3,0.70359398,2.606472449,1.996059184,2.510834694,3.752317347,4.54692551,4.494337755,4.029262245,3.428395918,3.060269388,2.747191837,2.009405102,1.800920408,1.672715306,1.535267347,1.527769388,1.759710204,1.319729592,1.331161224,1.09145,1.187592857,1.043680612,1.13150102,1.066721429,1.079310204,1.108538776,1.06334898,1.144846939,1.390922449,1.246176531,1.162427551,1.142678571,1.005487245,1.119093878,0.959829184,0.946195714,0.928481735,0.894675816,0.850581224,0.819963163,0.808509898,0.796336939,0.807341837,0.899503163,1.09415102,1.125547959,1.288526531
MCED,X,4,0.630700816,0.847211327,0.953475306,1.245044898,1.471390816,1.184392857,1.139438776,1.245646939,1.254210204,1.142915306,1.273921429,1.290627551,1.320140816,1.295369388,1.297902041,1.316289796,1.256484694,1.210696939,1.250744898,1.286447959,1.231306122,1.23477551,1.27805102,1.223196939,1.451152041,1.628256122,1.888387755,1.860697959,1.821070408,1.94142449,1.883009184,1.63944898,1.372877551,1.139929592,1.167114286,1.356179592,1.414878571,1.555135714,1.588259184,1.333002041,1.172882653,1.059728571,0.971371939,1.028560204,1.081,1.293731633,1.765935714
MCED,X,5,0.427479898,1.189381633,1.524963265,2.293141837,3.079113265,2.700435714,1.773881633,1.52655102,1.545931633,1.452510204,1.248992857,1.301538776,1.343163265,1.267096939,1.28765,0.980912959,1.094841837,0.942977653,0.99658102,0.943076429,0.943017245,0.929993878,0.983227041,0.947444796,0.885247041,0.923384592,0.93822602,0.877331939,0.76244898,0.787042551,0.721102041,0.706363469,0.656507653,0.587547041,0.597554898,0.565656735,0.666225714,0.677078163,0.74579898,0.804945204,0.917137551,0.668164592,0.764183163,0.929837653,0.878659082,0.945493673,1.044654082
MCED,X,6,0.651030816,1.042773469,1.205940816,1.535430612,1.527265306,0.998054694,1.050106122,1.122212245,1.314568367,1.161722449,1.212208163,1.144061224,1.219443878,1.270621429,1.287068367,1.089237755,0.973065,1.011953367,1.146467347,1.143667347,0.971385306,0.898284184,0.818037755,0.797678673,0.838367143,0.955115408,1.080147959,1.224384694,1.29495,1.277782653,1.198810204,1.135777551,0.924891633,0.927496939,0.925784898,0.972958367,0.951563163,0.955622449,0.964097755,0.91023602,0.82145051,0.712676224,0.661818265,0.742187347,0.896896122,1.170112245,1.447783673
MCED,X,7,0.381795204,0.486159694,0.92173949,0.493936735,0.569744286,0.526866531,0.598505408,0.685051429,0.659541837,0.692855102,0.711329184,0.613409694,0.733653265,0.709414694,0.684751224,0.927008061,0.765121429,0.84239102,0.813162653,0.843417959,0.827433163,0.733533367,0.595624898,0.485150306,0.500959592,0.546629694,0.592173163,0.631632041,0.60251898,0.649119082,0.642984082,0.725206429,0.608466429,0.598819286,0.625458878,0.53209602,0.460299184,0.345777347,0.332009898,0.343437449,0.370666429,0.397716122,0.426365,0.455959388,0.481733878,0.568817143,0.669571429
MCED,X,8,0.659765816,1.507977551,1.203332653,1.452663265,2.033141837,1.544603061,1.472746939,1.579493878,1.519283673,1.846143878,1.698546939,1.827212245,1.939410204,1.942246939,1.920430612,2.099437755,2.029171429,2.191580612,1.97340102,1.863964286,1.880321429,1.84277449,1.927364286,1.800913265,1.961636735,1.943518367,2.003776531,2.080402041,1.958555102,2.106406122,1.898918367,1.731586735,1.385711224,1.254246939,1.40755,1.859096939,1.759454082,1.79992449,1.757212245,1.653730612,1.558516327,1.281011224,1.183338776,0.960596939,1.20132551,1.337402041,1.975490816
MCED,X,9,1.063830612,2.031576531,2.520147959,2.814112245,3.065169388,2.23607551,2.206554082,2.258678571,2.245466327,2.04307551,2.128467347,2.116331633,2.112269388,2.377292857,2.222482653,2.131993878,2.133215306,1.960777551,2.01557449,1.843839796,2.004739796,2.134022449,2.05877449,2.009927551,1.97162449,2.07092449,2.201035714,2.329131633,2.036253061,1.925896939,1.928038776,2.083005102,1.894902041,2.026017347,2.199861224,2.386843878,2.841505102,2.844560204,2.817529592,2.477307143,2.12157449,2.116095918,1.935742857,1.9539,1.510373469,1.887426531,2.586766327
MCED,X,10,0.717182347,1.098008163,1.344502041,1.7463,1.857759184,1.999052041,1.240668367,1.31010102,1.302604082,1.257389796,1.274486735,1.198283673,0.950772857,0.921657347,1.15417551,1.034130612,0.982126837,0.962729388,1.126128571,1.007291122,0.977875612,1.007845,1.001534898,1.064968367,0.995327449,1.069695918,0.829750714,1.012778673,0.97949898,0.811997755,0.855273265,0.778256939,0.740006633,0.780409898,0.772798061,0.791767449,0.788325,0.824698673,0.77627449,0.75137051,0.731020306,0.704317857,0.675481224,0.752277041,0.81850551,0.96933551,1.251066327
MCED,X,11,1.582744898,1.88834898,1.962063265,2.71159898,3.237542857,2.561220408,2.518690816,2.416073469,2.348083673,2.335157143,2.19927551,2.058992857,2.090364286,2.114021429,2.135833673,2.123417347,2.239083673,2.333915306,2.363904082,2.5234,2.557696939,2.937980612,2.763816327,3.045958163,3.183796939,3.374361224,2.975556122,2.936934694,3.286647959,3.036696939,2.889183673,3.086268367,2.781673469,2.948467347,2.646064286,2.599318367,2.716260204,2.63272449,2.710493878,2.569917347,2.280808163,2.537047959,1.928761224,1.531334694,1.43554898,1.8154,2.098027551
MCED,Y,1,1.280882653,1.984038776,2.433669388,3.205296939,3.834105102,2.90595,2.913734694,2.743484694,2.755552041,2.48255102,2.329253061,2.194537755,2.176796939,1.998128571,2.168646939,2.243377551,2.227885714,2.209443878,2.273005102,2.35952551,2.305862245,2.293694898,2.16607449,2.133794898,2.050754082,2.05192449,2.017581633,2.095462245,2.01557551,1.853535714,1.735064286,1.6072,1.460262245,1.365857143,1.285240816,1.529010204,1.5106,1.523528571,1.476846939,1.371919388,1.236945918,0.967497143,0.8529,0.891017653,0.996326429,1.388216327,1.832396939
MCED,Y,2,0.687212755,1.082712245,1.514761224,2.093162245,1.827266327,2.663206122,1.90507449,2.00754898,2.175289796,1.721492857,1.553392857,1.205940816,1.281194898,1.108403061,1.012348571,1.026681633,0.997686633,0.993495306,1.097320408,1.140083673,0.996123571,0.954712857,0.861650714,0.951160816,0.987499694,0.932725816,0.921214388,1.001527653,0.845331633,0.808502347,0.909741327,0.959050408,1.04417551,1.138014286,1.144676531,1.075456122,1.080422449,1.092817347,0.945625,0.82642449,0.667091633,0.642942857,0.628595408,0.578596327,0.586420204,0.725069898,0.945838265
MCED,Y,3,0.562860306,1.719689796,1.70062449,1.517422449,2.578204082,2.85765,1.915133673,2.338872449,1.37115102,1.297902041,1.524139796,1.126,0.997276122,1.050737755,1.1241,0.94611602,1.153946939,0.965932041,0.888460408,0.876368878,0.833630204,0.810700714,0.798910918,0.948748163,0.865786122,0.727205714,0.840435,0.739087959,0.638417653,0.570853878,0.555056939,0.568932959,0.623596633,0.637571939,0.638961633,0.634996735,0.626999796,0.580128163,0.550859592,0.522472041,0.564173878,0.528841531,0.604334796,0.577620612,0.569626429,0.632080612,0.77261949
MCED,Y,4,0.971716327,1.190204082,1.300085714,1.364609184,1.624784694,1.279446939,1.223231633,1.252310204,1.229172449,1.239061224,1.216543878,1.144992857,1.194570408,1.106821429,1.172940816,1.180488776,1.214268367,1.243076531,1.266576531,1.33792449,1.322215306,1.305270408,1.166847959,1.112542857,1.035441837,1.087173469,1.115196939,1.154060204,1.120370408,1.174313265,1.074635714,0.964778163,0.924592041,1.084581633,0.981839694,1.031189796,0.951657653,1.103511224,1.061782653,1.033621429,0.987815714,0.827965918,0.673416122,0.638155918,0.734922449,0.851172755,1.325402041
MCED,Y,5,0.600440102,1.359376531,1.747434694,1.702533673,1.979114286,2.123464286,1.665933673,1.489989796,1.929316327,1.427008163,1.343609184,1.234608163,1.433717347,1.18272449,1.078531633,1.052361224,1.230319388,1.063659184,1.088706122,0.988007857,0.931797653,1.03557551,0.884310612,1.053586735,1.097371429,1.067638776,0.893943367,0.879860204,0.934888571,0.783763469,1.042679592,0.742523571,0.743666531,0.540279082,0.543746735,0.521093673,0.494583469,0.472698673,0.515233265,0.570935,0.577111633,0.613001531,0.667843265,0.729988878,0.782983265,0.851407653,0.982179592
MCED,Y,6,0.659525918,0.778869184,1.220885714,0.848596327,1.079229592,0.864379796,0.885455102,0.936259796,0.930328163,0.871944898,0.846553061,0.790018469,0.845297041,0.846217653,0.844861327,0.85677449,0.833147653,0.842812449,0.879623571,0.870847959,0.982276939,0.953450612,0.974369796,0.929057959,0.867679286,0.853246429,0.819612653,0.949907143,0.761497347,0.668001122,0.650456837,0.700817245,0.666833776,0.703579796,0.728954286,0.710635204,0.68891551,0.692319388,0.637564286,0.666390102,0.637393776,0.583020714,0.508587449,0.532390612,0.558832143,0.612859694,0.810820714
MCED,Y,7,0.329950714,0.462450918,0.521885204,0.566655612,0.526137041,0.515082041,0.541721531,0.580832755,0.51842602,0.567593469,0.604617449,0.664587653,0.617823878,0.790711735,0.806534796,0.917430408,0.883063163,0.721789388,0.755715306,0.676528469,0.600119388,0.542650612,0.538279388,0.491652551,0.468527143,0.451768061,0.443271429,0.560997041,0.468979286,0.459117245,0.522902959,0.475891735,0.469582143,0.41277051,0.399092959,0.416219082,0.413411939,0.398641224,0.403155102,0.422488776,0.457707755,0.446126327,0.468248878,0.549871224,0.612737653,0.654713571,0.718717041
MCED,Y,8,1.099812245,1.605540816,1.785670408,2.055504082,2.552472449,1.829523469,1.692430612,1.677046939,1.5587,1.49565,1.552860204,1.394455102,1.593097959,1.471728571,1.572569388,1.510391837,1.6317,1.774937755,1.54617449,1.655087755,1.499222449,1.413663265,1.290912245,1.240776531,1.391737755,1.489079592,1.455816327,1.554956122,1.33802551,1.29787551,1.13822551,0.985741939,1.040122449,0.963427857,1.09392551,1.181944898,1.265054082,1.148205102,1.215736735,1.129992857,0.94687602,0.837656429,0.750819694,0.618864592,0.711957449,0.983564694,1.211337755
MCED,Y,9,1.565952041,2.427071429,2.467168367,3.290161224,4.041453061,3.207405102,3.269884694,3.392366327,3.170641837,3.263717347,2.852552041,2.510070408,2.606591837,2.77257449,2.932940816,3.014293878,3.166693878,2.951907143,2.8016,2.524297959,2.372918367,2.462341837,2.485159184,2.496138776,2.525460204,2.356708163,2.19322449,1.943154082,1.742579592,1.811722449,1.687556122,1.887604082,1.92415102,1.887902041,1.908057143,1.689685714,1.577782653,1.415972449,1.520527551,1.594537755,1.518970408,1.456929592,1.183277551,0.997332041,1.206945918,1.465917347,1.881008163
MCED,Y,10,0.513371429,0.925028776,0.985970408,1.231111224,2.331088776,1.673030612,0.91278051,0.988809592,1.063513265,0.949446735,0.934400612,0.867966429,0.915472245,0.91081051,0.95787898,0.962830408,1.020736735,0.956044286,0.933627755,0.917466735,1.024703061,1.031323469,1.033757143,1.023895918,0.942954286,0.847856122,0.777215204,0.708115204,0.672348367,0.591481122,0.544554388,0.570404286,0.590191939,0.613961224,0.656722653,0.690877653,0.750502041,0.711545102,0.675471531,0.588916633,0.527786837,0.578093571,0.622891327,0.686807041,0.791026633,0.890982857,1.093688776
MCED,Y,11,1.408879592,1.546054082,1.755664286,1.925797959,2.257356122,1.955038776,1.725707143,1.803913265,1.603260204,1.598335714,1.614221429,1.524465306,1.40734898,1.503493878,1.50122449,1.547030612,1.505921429,1.713234694,1.744420408,1.7195,1.7249,1.620759184,1.668370408,1.562694898,1.692854082,1.50129898,1.656296939,1.611465306,1.736909184,1.59340102,1.61117449,1.731770408,1.459518367,1.377334694,1.475804082,1.346115306,1.313289796,1.481695918,1.503131633,1.371733673,1.532877551,1.504476531,1.188712245,1.055515306,1.120862245,1.414657143,2.137589796
